Workbook
Name Заказчики: 'Справочники'!$B$2:$B$11
Name Поставщики: 'Справочники'!$C$2:$C$4
Name Статусы: 'Справочники'!$D$2:$D$6
Name Порог_просрочки: 'Справочники'!$F$1

Sheet Заявки
A1: № | B1: Дата поступления | C1: Заказчик | D1: Поставщик | E1: Текущий статус | F1: Принято в работу | G1: Запрос цены | H1: Отправлено предложение | I1: На согласовании у Заказчика | J1: Отправлено | K1: Дней на текущем статусе | L1: Комментарий
A2: =IF(B2="","",ROW()-1) | K2: =IF(E2="","",IF(COUNTIF($F$1:$J$1,E2)=0,"",IF(INDEX(F2:J2,MATCH(E2,$F$1:$J$1,0))="","",TODAY()-INDEX(F2:J2,MATCH(E2,$F$1:$J$1,0)))))
A3: =IF(B3="","",ROW()-1) | K3: =IF(E3="","",IF(COUNTIF($F$1:$J$1,E3)=0,"",IF(INDEX(F3:J3,MATCH(E3,$F$1:$J$1,0))="","",TODAY()-INDEX(F3:J3,MATCH(E3,$F$1:$J$1,0)))))
A4: =IF(B4="","",ROW()-1) | K4: =IF(E4="","",IF(COUNTIF($F$1:$J$1,E4)=0,"",IF(INDEX(F4:J4,MATCH(E4,$F$1:$J$1,0))="","",TODAY()-INDEX(F4:J4,MATCH(E4,$F$1:$J$1,0)))))
A5: =IF(B5="","",ROW()-1) | K5: =IF(E5="","",IF(COUNTIF($F$1:$J$1,E5)=0,"",IF(INDEX(F5:J5,MATCH(E5,$F$1:$J$1,0))="","",TODAY()-INDEX(F5:J5,MATCH(E5,$F$1:$J$1,0)))))
A6: =IF(B6="","",ROW()-1) | K6: =IF(E6="","",IF(COUNTIF($F$1:$J$1,E6)=0,"",IF(INDEX(F6:J6,MATCH(E6,$F$1:$J$1,0))="","",TODAY()-INDEX(F6:J6,MATCH(E6,$F$1:$J$1,0)))))
A7: =IF(B7="","",ROW()-1) | K7: =IF(E7="","",IF(COUNTIF($F$1:$J$1,E7)=0,"",IF(INDEX(F7:J7,MATCH(E7,$F$1:$J$1,0))="","",TODAY()-INDEX(F7:J7,MATCH(E7,$F$1:$J$1,0)))))
A8: =IF(B8="","",ROW()-1) | K8: =IF(E8="","",IF(COUNTIF($F$1:$J$1,E8)=0,"",IF(INDEX(F8:J8,MATCH(E8,$F$1:$J$1,0))="","",TODAY()-INDEX(F8:J8,MATCH(E8,$F$1:$J$1,0)))))
A9: =IF(B9="","",ROW()-1) | K9: =IF(E9="","",IF(COUNTIF($F$1:$J$1,E9)=0,"",IF(INDEX(F9:J9,MATCH(E9,$F$1:$J$1,0))="","",TODAY()-INDEX(F9:J9,MATCH(E9,$F$1:$J$1,0)))))
A10: =IF(B10="","",ROW()-1) | K10: =IF(E10="","",IF(COUNTIF($F$1:$J$1,E10)=0,"",IF(INDEX(F10:J10,MATCH(E10,$F$1:$J$1,0))="","",TODAY()-INDEX(F10:J10,MATCH(E10,$F$1:$J$1,0)))))
A11: =IF(B11="","",ROW()-1) | K11: =IF(E11="","",IF(COUNTIF($F$1:$J$1,E11)=0,"",IF(INDEX(F11:J11,MATCH(E11,$F$1:$J$1,0))="","",TODAY()-INDEX(F11:J11,MATCH(E11,$F$1:$J$1,0)))))
A12: =IF(B12="","",ROW()-1) | K12: =IF(E12="","",IF(COUNTIF($F$1:$J$1,E12)=0,"",IF(INDEX(F12:J12,MATCH(E12,$F$1:$J$1,0))="","",TODAY()-INDEX(F12:J12,MATCH(E12,$F$1:$J$1,0)))))
A13: =IF(B13="","",ROW()-1) | K13: =IF(E13="","",IF(COUNTIF($F$1:$J$1,E13)=0,"",IF(INDEX(F13:J13,MATCH(E13,$F$1:$J$1,0))="","",TODAY()-INDEX(F13:J13,MATCH(E13,$F$1:$J$1,0)))))
... A101: =IF(B101="","",ROW()-1) | K101: =IF(E101="","",IF(COUNTIF($F$1:$J$1,E101)=0,"",IF(INDEX(F101:J101,MATCH(E101,$F$1:$J$1,0))="","",TODAY()-INDEX(F101:J101,MATCH(E101,$F$1:$J$1,0)))))

Sheet Справочники
B1: Заказчики | C1: Поставщики | D1: Статусы | E1: Порог просрочки, дней | F1: 5
B2: Заказчик 1 | C2: Поставщик 1 | D2: Принято в работу
B3: Заказчик 2 | C3: Поставщик 2 | D3: Запрос цены
B4: Заказчик 3 | C4: Поставщик 3 | D4: Отправлено предложение
B5: Заказчик 4 | D5: На согласовании у Заказчика
B6: Заказчик 5 | D6: Отправлено
B7: Заказчик 6
B8: Заказчик 7
B9: Заказчик 8
B10: Заказчик 9
B11: Заказчик 10

Sheet Сводка
A1: Сводка по заявкам
A3: Статус | B3: Количество
A4: Принято в работу | B4: =COUNTIF(Заявки!$E$2:$E$101,A4)
A5: Запрос цены | B5: =COUNTIF(Заявки!$E$2:$E$101,A5)
A6: Отправлено предложение | B6: =COUNTIF(Заявки!$E$2:$E$101,A6)
A7: На согласовании у Заказчика | B7: =COUNTIF(Заявки!$E$2:$E$101,A7)
A8: Отправлено | B8: =COUNTIF(Заявки!$E$2:$E$101,A8)
A10: Общее количество заявок | B10: =COUNTA(Заявки!$E$2:$E$101)
A11: Количество просроченных заявок | B11: =COUNTIF(Заявки!$K$2:$K$101,">"&Порог_просрочки)
